Timestamp,"Overall, how would you rate this session?",How relevant was the topic to your interests?,How well did the speaker explain the concepts ?,How engaging was the presentation?,How helpful was the session in improving your knowledge of the topic?,How likely are you to recommend this session to other developers?,What was the most valuable thing you learned from this session?,What could be improved about this session?,What other topics related to this topic would you like to see covered in future sessions?,Full Name,Are you a _____________ ?
10/8/2023 22:27:39,Very Good,Agree,Agree,Neither agree nor disagree,Very Good,Recommend,I came to know about how to integrate LLM models in our application. That can give me more power in future. ,"If you could show more examples, that would have been more useful. ",Cloud Integration with LLM.,Subhendu Mondal,Professional
10/8/2023 22:32:14,Very Good,Strongly agree,Strongly agree,Strongly agree,Very Good,Highly recommend,The importance of testing,More real-world examples,Agile development methodologies,John Doe,Professional
10/8/2023 22:36:45,Excellent,Agree,Agree,Agree,Excellent,Recommend,New coding techniques,Machine learning in Python,Web development frameworks,Jane Smith,Student
10/8/2023 22:41:22,Very Good,Agree,Neither agree nor disagree,Agree,Very Good,Neutral,Version control practices,Agile development methodologies,Data visualization techniques,Michael Johnson,Professional
10/8/2023 22:46:03,Very Good,Strongly agree,Agree,Strongly agree,Very Good,Recommend,Debugging tips,Code optimization techniques,Database management systems,Sarah Brown,Student
10/8/2023 22:50:49,Average,Strongly disagree,Disagree,Disagree,Average,Strongly don't recommend,Database design principles,Cloud computing technologies,Software testing strategies,David Lee,Professional
10/8/2023 22:55:34,Good,Neither agree nor disagree,Neither agree nor disagree,Agree,Good,Don't recommend,Security best practices,Web development frameworks,Mobile app development,Emily Clark,Student
10/8/2023 23:00:19,Very Bad,Disagree,Strongly disagree,Strongly disagree,Very Bad,Strongly don't recommend,The importance of testing,Front-end development tools,Machine learning algorithms,Aiden Martinez,Student
10/8/2023 23:05:01,Very Good,Agree,Agree,Strongly agree,Very Good,Highly recommend,Best coding practices,Data visualization techniques,Blockchain technology,Olivia White,Professional
10/8/2023 23:09:44,Excellent,Agree,Strongly agree,Strongly agree,Excellent,Highly recommend,Software architecture patterns,IoT and embedded systems,Database design principles,Ethan Adams,Student
10/8/2023 23:14:22,Good,Neither agree nor disagree,Agree,Agree,Good,Recommend,Team collaboration,Software testing strategies,Performance optimization techniques,Sophia Wilson,Professional
10/8/2023 23:19:09,Average,Agree,Neither agree nor disagree,Disagree,Average,Don't recommend,API design principles,Database management systems,Software development methodologies,Noah Moore,Student
10/8/2023 23:23:54,Excellent,Strongly agree,Agree,Strongly agree,Excellent,Highly recommend,Data security best practices,Blockchain technology,Artificial intelligence applications,Ava Anderson,Professional
10/8/2023 23:28:39,Good,Agree,Agree,Agree,Good,Recommend,Software development methodologies,Artificial intelligence applications,Web development frameworks,Liam Garcia,Student
10/8/2023 23:33:24,Very Good,Strongly agree,Agree,Strongly agree,Very Good,Highly recommend,Performance optimization techniques,Big data analytics,Data security best practices,Isabella Rodriguez,Professional
10/8/2023 23:38:12,Excellent,Strongly agree,Strongly agree,Strongly agree,Excellent,Highly recommend,Web development frameworks,Cloud computing technologies,Machine learning in Python,Mason Martinez,Student
10/8/2023 23:42:59,Good,Neither agree nor disagree,Neither agree nor disagree,Disagree,Good,Recommend,Code refactoring techniques,Software architecture patterns,Web development frameworks,Sophia Johnson,Professional
10/8/2023 23:47:45,Average,Agree,Disagree,Agree,Average,Don't recommend,Data analytics techniques,Front-end development tools,Agile development methodologies,Oliver Brown,Student
10/8/2023 23:52:30,Good,Neither agree nor disagree,Neither agree nor disagree,Neither agree nor disagree,Good,Recommend,Software testing best practices,Database design principles,Software testing strategies,Emma Davis,Professional
10/8/2023 23:57:15,Very Good,Agree,Agree,Strongly agree,Very Good,Highly recommend,Machine learning algorithms,Internet of Things (IoT),Data visualization techniques,Lucas Wilson,Student
10/8/2023 22:32:14,Average,Strongly disagree,Disagree,Disagree,Average,Strongly don't recommend,Mobile app development,Software development methodologies,Mobile app development,Leah Anderson,Professional
10/8/2023 22:36:45,Excellent,Strongly agree,Strongly agree,Strongly agree,Excellent,Highly recommend,The importance of testing,More real-world examples,Agile development methodologies,John Doe,Professional
10/8/2023 22:41:22,Excellent,Strongly agree,Agree,Agree,Excellent,Recommend,The significance of version control,More practical exercises,Machine learning in Python,Jane Smith,Student
10/8/2023 22:46:03,Very Good,Agree,Neither agree nor disagree,Agree,Very Good,Neutral,Clear explanations,Interactive elements,Web development frameworks,Michael Johnson,Professional
10/8/2023 22:50:49,Very Good,Strongly agree,Agree,Strongly agree,Very Good,Recommend,Practical examples,Code optimization techniques,Database management systems,Sarah Brown,Student
10/8/2023 22:55:34,Average,Neither agree nor disagree,Neither agree nor disagree,Agree,Average,Don't recommend,More hands-on activities,Case studies,Software testing strategies,David Lee,Professional
10/8/2023 23:00:19,Good,Agree,Neither agree nor disagree,Agree,Good,Recommend,Live demonstrations,Security best practices,Front-end development tools,Emily Clark,Student
10/8/2023 23:05:01,Very Bad,Disagree,Strongly disagree,Strongly disagree,Very Bad,Strongly don't recommend,Theoretical concepts,More real-world scenarios,Machine learning algorithms,Aiden Martinez,Student
10/8/2023 23:09:44,Very Good,Agree,Agree,Strongly agree,Very Good,Highly recommend,Coding best practices,Data visualization techniques,Blockchain technology,Olivia White,Professional
10/8/2023 23:14:22,Excellent,Agree,Strongly agree,Strongly agree,Excellent,Highly recommend,Understanding software architecture,IoT and embedded systems,Database design principles,Ethan Adams,Student
10/8/2023 23:19:09,Good,Neither agree nor disagree,Agree,Agree,Good,Recommend,Collaboration in teams,Real-world projects,Performance optimization techniques,Sophia Wilson,Professional
10/8/2023 23:23:54,Average,Agree,Neither agree nor disagree,Disagree,Average,Don't recommend,API design best practices,Database management systems,Software development methodologies,Noah Moore,Student
10/8/2023 23:28:39,Excellent,Strongly agree,Agree,Strongly agree,Excellent,Highly recommend,Data security measures,Blockchain technology,Artificial intelligence applications,Ava Anderson,Professional
10/8/2023 23:33:24,Good,Agree,Agree,Agree,Good,Recommend,Development methodologies,Artificial intelligence applications,Web development frameworks,Liam Garcia,Student
10/8/2023 23:38:12,Very Good,Strongly agree,Agree,Strongly agree,Very Good,Highly recommend,Optimizing performance,Big data analytics,Data security best practices,Isabella Rodriguez,Professional
10/8/2023 23:42:59,Excellent,Strongly agree,Strongly agree,Strongly agree,Excellent,Highly recommend,Modern web development,Cloud computing technologies,Machine learning in Python,Mason Martinez,Student
10/8/2023 23:47:45,Good,Neither agree nor disagree,Neither agree nor disagree,Disagree,Good,Recommend,Refactoring code,Software architecture patterns,Web development frameworks,Sophia Johnson,Professional
10/8/2023 23:52:30,Average,Agree,Disagree,Agree,Average,Don't recommend,Data analysis techniques,Front-end development tools,Agile development methodologies,Oliver Brown,Student
10/8/2023 23:57:15,Good,Neither agree nor disagree,Neither agree nor disagree,Neither agree nor disagree,Good,Recommend,Effective testing practices,Database design principles,Software testing strategies,Emma Davis,Professional
10/8/2023 23:52:30,Very Good,Agree,Agree,Strongly agree,Very Good,Highly recommend,Machine learning algorithms,Internet of Things (IoT),Data visualization techniques,Lucas Wilson,Student
10/8/2023 23:57:15,Average,Strongly disagree,Disagree,Disagree,Average,Strongly don't recommend,Mobile app development,Software development methodologies,Mobile app development,Leah Anderson,Professional